,KL,SBX
0,2.0552907135432972e-23,2.0558346278783744e-26
1,2.2645146326728396e-26,2.916134776676201e-26
2,0.0,0.0
3,0.0,0.0
4,4.1408257000788037e-16,6.479080481525916e-22
5,4.331350093404277e-14,4.8405723873656825e-14
6,0.0,0.0
7,0.000636378324998077,0.000636378324998077
8,0.0,0.0
9,0.0,51.67149432111922
